,most_common_words,5_first_word
0,,activ classic boxer reason boxer cult
1,,activ sport boxer brief skin glori
2,,activ sport brief superbreath nofli brief
3,,alpin guid pant skin climb ice
4,,alpin wind jkt high ridg steep
5,,ascensionist jkt technic soft shell fullon
6,,atom multitask cloud atom play courier
7,,print band betina btm full coverag
8,,babi micro dlux cardigan micro dlux
9,,babi sun bucket hat hat go
10,,babi sunshad soft stretchi polyest fabric
11,,baggi short baggi popular short occasion
12,,beach bucket junction water land neutral
13,,well sweater jkt june night camp
14,,borderless short forward cring borderless short
15,,borderless short summertim gift chanc freeli
16,,bucket hat shadecast prowess bucket provid
17,,cap bottom spring ski transient wind
18,,cap boxer brief bivi belay formfitt
19,,cap graphic tshirt tee lightestweight capilen
20,,cap tshirt minim style technic evolv
21,,cap tshirt revel sweat jambore hill
22,,cap zip neck design wetthenchil pursuit
23,,cap zip neck capilen provid excel
24,,cap bottom sufferfest like grand januari
25,,citi sea tshirt illustr renaiss seainspir
26,,compound cargo pant long ultim doeveryth
27,,compound cargo pant reg ultim doeveryth
28,,continent short wrinkleresist travel short great
29,,cotton board short classic fabric form
30,,crosstown crosstown crosscountri fulli featur commut
31,,custodian pant long graveyard shift advantag
32,,deep wade jkt chase olymp peninsula
33,,deliveri short local know good spot
34,,sweater vest imposs confus sweater vest
35,,dragoon tshirt dragoon drop weapon favor
36,,duck pant long essenti wear split
37,,elia fz sweatshirt clean wingat splitter
38,,elia sweatshirt dirtbagg complet wardrob wear
39,,fezzman shirt look fresh feel dishevel
40,,fish frenzi tshirt depend freeflow current
41,,freewheel sturdi wheel bag hold week
42,,gi ii pant traveltest quickdry durabl
43,,gi ii short base camp favorit
44,,girl boardi capri build twoweek camp
45,,girl boardi short rais neptun daughter
46,,girl cotton tank dress soft cotton
47,,go big bc poster man trash
48,,great divid stand wave bluewat wind
49,,guidewat duffl max angl expedit guidewat
50,,guidewat jkt pound tooth nor'east swing
51,,guidewat short love guidewat pant short
52,,guidewat vest find tippet tool fli
53,,highwat pfd vest constant boat angl
54,,hip chest pack readi vest free
55,,iceberg tshirt effect global warm run
56,,insul pant steelhead salmon troutthey call
57,,' logo tshirt softwear ringspun organ
58,,borderless gi short short mud sand
59,,cap graphic tee kid live throttl
60,,cap bottom like bird cloud kid
61,,el cap jkt resist hard play
62,,fli fish tshirt softwear ringspun organ
63,,gpiw classic tshirt softwear ringspun organ
64,,live simpli guitar tshirt softwear ringspun
65,,synch marsupi roomi kangaroostyl pocket kid
66,,torrentshel jkt barometr pressur get low
67,,la surfer maria tshirt pray surf
68,,lead examin life poster guanaco stand
69,,light variabl surf trunk light lean
70,,live simpli bug tshirt natur live
71,,live simpli deer tshirt adapt simpli
72,,live simpli guitar tshirt live life
73,,logo hat unflapp roadtripp companion organ
74,,ls hood rashguard upf fabric longsleev
75,,ls island hopper shirt seren face
76,,ls rashguard upf fabric longsleev rashguard
77,,ls steersman shirt be citi shirt
78,,lw endur ankl sock fastforward pursuit
79,,lw endur quarter sock scrape tape
80,,lw hike crew sock like suit
81,,lw r jkt high deck warbonnet
82,,lw travel duffel wander bag larg
83,,lw travel pack lifelong search place
84,,m jkt thrive thin technic climb
85,,m pant volatil climat rule big
86,,merino crew day pack decis easi
87,,merino tshirt bu ride tlachichuca pack
88,,merino polo feel bohemian look foot
89,,merino tshirt stay calm collect amid
90,,migrat hemp shirt summerweight soft migrat
91,,minimalist board short minimalist perfectli proport
92,,minimass mini mass less size let
93,,mlc wheeli alpinist say speed essenc
94,,mountain island tshirt aspir meld mountain
95,,trail jkt bridger ridg run normal
96,,trail short view trail sanctuari run
97,,organ logo tshirt origin print season
98,,o web belt social gadabout abl
99,,paddler board short build maximum comfort
100,,pataloha shirt earli hawaiian shirt pitch
101,,planer tshirt planer tshirt give nod
102,,platform tshirt imagin problem oil depend
103,,pocket pack savvi commut pocket pack
104,,r hoodi spot round globe high
105,,r po desert sandston corn snow
106,,rain shadow pant light afterthought downpour
107,,reg fit organ ctn jeanslong organ
108,,reg fit organ ctn jeansreg organ
109,,relax fit organ ctn jeansshor everyday
110,,remat man trash man woman wader
111,,retro grade pant sonni trotter wish
112,,riverwalk feel high water slick bedrock
113,,riverwalk stud high water slick bedrock
114,,rock guid short high open expans
115,,rockpil tshirt beauti boulder stack rockpil
116,,runshad trailhead dawn sunset imogen pass
117,,shop pant reg home truck insid
118,,shop pant short home truck insid
119,,simpl guid jkt skinin headlamp summit
120,,soar jkt aerial pursuit soar jacket
121,,sonar tshirt earsplitt sonar threaten surviv
122,,special edit pataloha shirt year special
123,,squid tshirt artist tim tompkinson origin
124,,ss island hopper shirt seren face
125,,ss pragmatist shirt like spare roll
126,,ss puckerwar shirt humid make shirt
127,,ss stretch t readi fullbodi workout
128,,sst jkt bristol bay tierra del
129,,stormfront duffel design haul good protect
130,,stormfront pack wade littl deep bow
131,,stretch polo core nomad lifestyl stretch
132,,stretch wade belt belt come patagonia
133,,sub divid tough water resist great
134,,surf brim paddl wait set surf
135,,surf sneaker footwear choic chase beach
136,,tech web belt big job hoist
137,,text logo tshirt text logo tshirt
138,,know tshirt inspir thoreau immort word
139,,tree shirt summertim stapl airi crag
140,,torrentshel pant lightweight waterproof breathabl new
141,,travel belt travel ace keep pant
142,,travers jkt train routin number bicycl
143,,trout silhouett tshirt simplic silhouett tshirt
144,,trucker hat big rig big hair
145,,twentythre board short stay cover watertest
146,,ultra short everpopular longcut quickdry ultra
147,,ulw hike crew sock heat boucher
148,,veloc cap run parch open slope
149,,watermast hip high origin midwest spring
150,,world accord biker tshir health health
151,,world trout tshirt jame prosek recreat
152,,watermast wader long blackberri barbwir basaltth
153,,watermast wader short blackberri barbwir basaltth
154,,activ hipster perfect life nomad perfect
155,,activ mesh bra despit inabl act
156,,allout capri jam pair highli compress
157,,weather train hit stride ojai pratt
158,,alpin guid pant skin climb ice
159,,aravi hoodi lochsa river season usher
160,,aravi jkt highli adapt aravi jacket
161,,astrid tank conjur cardiff shoulderi wave
162,,bandha dress boulder dress marri carri
163,,bandha versatil combin strike french twist
164,,bare bikini well go commando petalsoft
165,,well sweater jkt well sweater jacket
166,,birdwalk tshirt temporarili ground artist chri
167,,borderless capri unfaz gloppi spindrift borderless
168,,bouquet tshirt garland peacock deer mandala
169,,butterfli logo tshirt like monarch butterfli
170,,cap bottom lightestweight capilen baselay fabric
171,,cap tshirt good breez calm swelter
172,,cap bottom simulclimb final pitch beat
173,,cap vneck climber choic capilen fabric
174,,cap zip neck bugaboo long approach
175,,cap bottom world consist granit fren
176,,dala hors tshirt origin fashion wood
177,,ditch carrid tshirt fun get enjoy
178,,sweater foot chasm view bivi vertigoinduc
179,,el cap jkt stuff el cap
180,,elsa shadeseek palm start resembl fulltim
181,,elsa tunic elsa tunic flourish heatpron
182,,gravite tank gravite racerback shelf bra
183,,guid jkt sharp granit sticki vergla
184,,hill tshirt head hill wear simplydesign
185,,inga short long ride continu session
186,,intercontinent capri intercontinent capri recov quickli
187,,intercontinent pant long like flatter drape
188,,island hemp pant solid choic even
189,,island hemp skirt island hemp skirt
190,,island hemp breezi island hemp take
191,,lithia dress celebr summer solstic dress
192,,lithia pant pull lithia pant get
193,,lithia skirt pack quiver room cloth
194,,ls rashguard upf fabric longsleev rashguard
195,,ls runshad long day scorch ray
196,,m jkt thrive thin technic climb
197,,mandevil hoodi goingplac hoodi mandevil soft
198,,margot dress dig margot board bag
199,,merino graphic tshirt feel good laugh
200,,merino tank finespun cool lower temperatur
201,,merino crew move peopl cultur new
202,,merino dress stuff flow dress backpack
203,,micro puff vest alpin shiverfest leav
204,,morn glori capri versatil capri suppl
205,,morn glori crossback tank like good
206,,multi use short streamlin technic ultra
207,,multi use skirt run bright sun
208,,trail short mountain bike trail run
209,,trail vest simplic action vest protect
210,,r jkt modern mountain stapl adapt
211,,rain shadow jkt stay insid way
212,,rock guid pant rock guid soft
213,,rock guid short tough abrasionresist rock
214,,seren tight long soft stretchi unrestrict
215,,simpl guid jkt skinin headlamp summit
216,,simpl guid pant trip patagonia pair
217,,sleeveless ac shirt cool structur summer
218,,solid adour btm adour featur scoop
219,,solid betina btm full coverag bottom
220,,solid bibiana piec sporti bibiana onepiec
221,,solid bibiana athlet bibiana racerback style
222,,solimar pant case travel plan coincid
223,,solimar short horni toad profession heat
224,,ss ac shirt stifl great basin
225,,ss rashguard upf fabric shortsleev rashguard
226,,ss sol patrol shirt shirt imposs
227,,sun shelter shirt chic sensibl sun
228,,super cali short super cali short
229,,synch vest possibl except duct tape
230,,tranquila capri leg crux cool skinsooth
231,,travers jkt sun set air cold
232,,undercov cami morph waterlogg sea creatur
233,,vital dress ocean way salt sunscorch
234,,vital skirt long day sharp end
235,,vital tank sea spray river water
236,,wheat tshirt feed urban agrarian sensibl
237,,wyom climb poster max factor c
238,,yosemit essenc tshirt artist phylli shafer
239,,print bayonn btm lowris bayonn bottom
240,,print bibiana tankini bibiana tankini racerback
241,,print bibiana athlet bibiana racerback style
242,,print boucau halter boucau soft tie
243,,print kupala fix triangl bikini kupala
244,,runshad tshirt backcountri anyplac move comfortablewear
245,,seren capri travel commit carryon lifestyl
246,,seren tight soft stretchi unrestrict mobil
247,,simpli organ polo like trumpet swan
248,,simpli organ tank summer tank beat
249,,simpli organ tee simpli organ tee
250,,simpli organ spring blossom cover hill
251,,solid boucau halter boucau soft tie
252,,solid kupala fix triangl bikini kupala
253,,solid pari btm boyshortstyl pari bottom
254,,solid suname btm stayput suname fit
255,,solimar skirt solimar brief sassi wrap
256,,sol patrol shirt ahead bone fish
257,,sport loos perform fit woman sport
258,,meridian board short stretchi meridian board
259,,merino crew light merino layer silkysoft
260,,print pari btm style like boy
261,,print suname btm stayput suname fit
262,,r fullzip jkt stretch breath wick
263,,r po trail circl globe neverend
264,,merino tshirt soft worth linger light
265,,merino bottom thank dri warm forward
266,,storm light jkt emerg classic inspir
267,,stretch ascent jkt simpl stretchi lightweight
268,,merino tshirt versatil merino baselay blend
269,,merino pant luxuri soft pant silhouett
270,,morn glori dress onshor wind blow
271,,morn glori skirt stand win danc
272,,morn glori tight everyday essenti featur
273,,torrentshel jkt tropic rain forest share
274,,torrentshel pant lightweight waterproof breathabl new
275,,trampoli tshirt commut high ground trampoli
276,,cap zip neck furnac stoke temperatur
277,,corinn dress day rivermouth glassi offshor
278,,cotton fleec hoodi central coast night
279,,nano puff po versatil piec insul
280,,trail jkt trail jacket woman idea
281,,sweater vest imposs confus sweater vest
282,,drift shirt epic tale west begin
283,,duway skirt know insid count beneath
284,,ester throw ester quick surf check
285,,freedom roam tshirt global warm habitat
286,,girona board short evok spanish provinc
287,,north coast tshirt north coast tshirt
288,,owlin tshirt owlin ' tshirt wise
289,,pinback releas inner locomot actioninspir pinback
290,,print adour btm adour slightli scoop
291,,hotlin mind embrac challeng sinisterlook hand
292,,houdini fullzip jkt like sun blusteri
293,,inga shorti short board short short
294,,vasana stretchi sleeveless vasana offer shoulder
295,,versatilite tshirt food chain versatilite satinstitch
296,,versatil cardi summerweight cardigan woman studi
297,,versatil tank vivid color delic detail
298,,activ boy short wear versatil feminin
299,,activ brief beat heat bali skin
300,,activ classic cami wear dri base
301,,alltim shell rain recycl figur raincoat
302,,allwear capri capri discreet short cooler
303,,weather capri worthi good downward face
304,,intercontinent pant reg like flatter drape
305,,intercontinent short time ascent iren aret
306,,island hemp dress soft hand island
307,,alpin wind jkt high ridg steep
308,,aravi zip corn ski transitionseason endeavor
309,,astrid delic feminin astrid refresh chang
310,,astrid wrap casual eleg wrap layer
311,,baggi short loyal partner grime baggi
312,,kamala dress like lotu flower name
313,,kamala skirt wear skirt dress kamala
314,,kite town tshirt artist chri del
315,,bare bra ab featherweight support bare
316,,bare everyday bra bc flatter bare
317,,bare hipster bare hipster formfitt construct
318,,symmetri w poster bill serantoni ice
319,,synch snapt perenni stapl snapt pullov
320,,synch vest shirt jacket versatil corewarm
321,,tarpon tshirt channel determin silver king
322,,vital vee stretch refin drape vital
323,,vitalti pant soft stretchi vital pant
324,,wavefar board short wavefar will bunch
325,,thrift short unoffici short wander aimlessli
326,,torrentshel jkt tropic rain forest share
327,,borderless pant borderless pant will hem
328,,borderless short borderless short prefer push
329,,borderless zipoff pant wear capri border
330,,travers pant stride lightli juan tabo
331,,travers auguil d'entrev janin patitucci navig
332,,trout head tshirt vibrant spirit trout
333,,live simpli deer tshirt adapt simpli
334,,live simpli guitar tshirt live life
335,,live simpli pelican tshirt nest surf
336,,ls gravite graviti feel light insid
337,,ultra hw mountain sock weather window
338,,ultra lw endur ped sock sock
339,,cap graphic tshirt eleg union grace
340,,cap scoop silki design desert run
341,,riverwalk vest caddi come thick breath
342,,rock guid pant foremost lightweight soft
343,,veloc visor go allout trail stay
344,,versatil polo civil readi action versatil
345,,versatil tee freemov breathabl famous resili
346,,vintag logo pkt tshirt downlow classic
347,,runshad tshirt long trail ahead gel
348,,shell insul pant day short water
349,,shop pant long home truck insid
350,,rain shadow pant light afterthought downpour
351,,rain shadow trench coat sleek fulllength
352,,simpl guid pant stapl rock ice
353,,singl shoot singl shot organ daili
354,,watermast wader king blackberri barbwir basaltth
355,,ss ac shirt life heat moment
356,,ss casita shirt ideal saturday includ
357,,ss el ray shirt ultim shortsleev
358,,cap cap sleev fastestdri perform baselay
359,,cap tshirt like sweet breez long
360,,ss rashguard upf fabric shortsleev rashguard
361,,ss sol patrol shirt theori chase
362,,ss squeaki clean polo shirt tshirt
363,,trail vest simplic action vest protect
364,,organ cotton boxer day get maytagg
365,,organ cotton tee layer organ cotton
366,,watermast wader reg blackberri barbwir basaltth
367,,pack vest know good spot crowd
368,,stand short plu year reenvision reincarn
369,,stand short plu year reenvision reincarn
370,,stick ' n stone morocco poster
371,,peregrin tshirt bear wander onceendanger peregrin
372,,permit silhouett tshirt permit scytheshap dorsal
373,,piqu fleec zip plush textur fleec
374,,piqu vital polo shirt perfect summer
375,,polo shirt pull polo open door
376,,quiet tshirt thoreau say silenc univers
377,,r fullzip jkt stretch breath wick
378,,lw guid pant backcountri version immens
379,,lw r jkt high deck warbonnet
380,,r jkt modern mountain stapl adapt
381,,rain shadow jkt stay insid way
382,,lw everyday sock essenti daili grind
383,,lw guid pant backcountri version immens
384,,lw hike crew liner sock liner
385,,storm light jkt emerg classic inspir
386,,stretch ascent jkt simpl stretchi lightweight
387,,lw sun hoodi highli evolv second
388,,lw travel courier grace rendit courier
389,,reg fit organ ctn jeansshort organ
390,,relax fit organ ctn jeanslong everyday
391,,relax fit organ ctn jeansreg everyday
392,,lw travel sle feel openend like
393,,lw travel tote harmon life travel
394,,wavefar board short board short live
395,,wild steelhead alaska poster catch releas
396,,wind path tshirt visual energi wind
397,,marlwalk stalk coral flat tough foot
398,,marlwalk pant veteran tropic know long
399,,retro grade short advantag number cam
400,,revers phone home travel broadli surf
401,,river short river life mighti fine
402,,hip pack entrust hold essenti littl
403,,hood monk sweatshirt sacr garment predawn
404,,houdini fullzip jkt like sun blusteri
405,,merino bottom stopandgo pace like alpin
406,,merino crew soft longsleev tee work
407,,baggi short summertim unwind boister flurri
408,,boardi short let grom rip tear
409,,sun glove look old flat guid
410,,sun mask sun protect work use
411,,sunshad shirt ultralight moistur wick fish
412,,cap crew jump rock mud puddl
413,,dualiti jkt like spring weather michigan
414,,microburst jkt scottish highland torr del
415,,micro puff vest alpin shiverfest leav
416,,micro dlux cardigan micro dlux cardigan
417,,rashguard sanctuari sun chill alik hardwork
418,,sunshad hoodi end sunscreen standoff light
419,,riverwalk sticki high water slick bedrock
420,,freewheel max like storag locker wheel
421,,friction belt wayfar belt lightweight flexibl
422,,futur earth tshirt planet futur question
423,,torrentshel pant torrentshel open world storm
424,,trim brim hat hard improv halcyon
425,,trucker hat mom dad rememb hat
426,,gi ii zipoff pant multital gi
427,,girl baggi short everyday stapl beach
428,,girl beach skirt easytowear skirt harmon
429,,mlc secret slip o'har gauntlet nerv
430,,mlc burrito confab look like spend
431,,girl live simpli deer tshirt softwear
432,,girl live simpli seal tshirt softwear
433,,girl tback piec girl trust companion
434,,girl twopiec set lightweight twopiec bath
435,,lightwir need leav offic rearview mirror
436,,lightwir brief adventur briefcas hold boulder
437,,guid jkt sharp granit sticki vergla
438,,guidewat duffl larg say get half
439,,cap bottom unwav foundat coldweath cloth
440,,cap crew capilen versatil fastestwick perform
441,,cap bottom ice climber alpinist know
442,,cap crew fundament funhog lifestyl crew
443,,guidewat pant drift boat flat skiff
444,,guidewat shirt shirt jacket it'sshacket guidewat
445,,cap zip neck warm synthet baselay
446,,carib north wind tshirt akin north
447,,cerro torr tshirt intermin spirit cerro
448,,logo visor like fortuit cloud visor
449,,long haul runner long haul eat
450,,ls el ray shirt versatil sun
451,,compound cargo pant short ultim doeveryth
452,,compound cargo short cargo pocket pull
453,,continent pant straight cramp corner pack
454,,guidewat wader king build guidewat wader
455,,critic mass build twowheel commut critic
456,,mw hike crew sock mount mendel
457,,nano puff po cult classic ambassador
458,,araveto zip jkt slim fit zipthrough
459,,araveto hood jkt deep chill foggi
460,,araveto jkt hearti day spend run
461,,custodian pant reg graveyard shift advantag
462,,custodian pant short graveyard shift advantag
463,,daili grind fulli pad shoulder bag
464,,babi baggi apron dress live dress
465,,babi baggi short planet cover water
466,,babi circu tshirt anim savanna work
467,,guidewat wader reg build guidewat wader
468,,babi dualiti jkt revers threeseason versatil
469,,babi live simpli deer tshirt live
470,,babi live simpli seal tshirt swim
471,,doubl haul need singl fli box
472,,sweater foot chasm view bivi vertigoinduc
473,,babi synch cardigan springtim temperatur fluctuat
474,,babi synch vest babi boulder circuit
475,,babi tag tshirt fair leg tag
476,,ls runshad power pasta feed gear
477,,ls sol patrol shirt twoweek boat
478,,bimini cap south kanab temperatur decidedli
479,,borderless messeng short pair lightweight stretchi
480,,duck pant reg essenti wear split
481,,duck pant short essenti wear split
482,,duck short life requir welder time
483,,borderless trek pant rubi crest trail
484,,borderless trek zipoff pant technic perform
485,,half mass size ride bike fine
486,,cap crew come moistur longsleev tee
487,,cap graphic crew choic rest day
488,,fitz roy studi tshirt unveil fitzroy
489,,flyfish athabasca poster patrik ondru wet
490,,fli fish tshirt life color flyingfish
491,,freedom roam tshirt global warm habitat
492,,' logo tshirt patagonia timeless '
493,,activ boxer brief nofuss travel companion
494,,activ brief featherweight quickwick brief comfort
495,,cap bottom cut loos madden crowd
496,,cap crew crew take edg fickl
497,,alltim shell need use morn time
498,,allwear cargo short allwear cargo short
499,,allwear short time simplifi allwear short
